id,time,temp1,temp2,humid1,humid2,airquality
1,2024-11-10 15:46:48,28.0,28.03333333333333,95.0,94.0,33.84130434782608
2,2024-11-10 15:46:48,28.0,28.03333333333333,95.0,94.0,33.84130434782608
3,2024-11-10 15:46:48,28.0,28.033333333333335,95.0,94.0,33.84130434782608
4,2024-11-10 15:46:48,28.0,28.033333333333335,95.0,94.0,33.84130434782608
5,2024-11-10 15:46:49,28.0,28.0,95.0,94.0,33.84130434782608
6,2024-11-10 15:46:49,28.0,28.0,95.0,94.0,33.84130434782609
7,2024-11-10 15:46:49,28.0,28.0,95.0,94.0,33.84130434782608
8,2024-11-10 15:46:49,28.0,28.0,95.0,94.0,33.84130434782608
9,2024-11-10 15:46:49,28.0,28.0,95.0,94.0,31.5
10,2024-11-10 15:46:49,28.0,28.0,95.0,94.0,31.5
11,2024-11-10 15:46:53,28.0,28.0,95.0,94.0,31.5
12,2024-11-10 15:46:53,28.0,28.0,95.0,94.0,31.5
13,2024-11-10 15:46:53,28.0,28.0,95.0,94.0,31.5
14,2024-11-10 15:46:53,28.0,28.0,95.0,94.0,31.5
15,2024-11-10 15:46:54,28.0,28.0,95.0,94.0,31.5
16,2024-11-10 15:46:54,28.0,28.0,95.0,94.0,31.5
17,2024-11-10 15:46:54,28.0,28.0,95.0,94.0,31.5
18,2024-11-10 15:46:54,28.0,28.0,95.0,94.0,31.5
19,2024-11-10 15:46:54,28.0,28.0,95.0,94.0,34.2
20,2024-11-10 15:46:54,28.0,28.0,95.0,94.0,34.2
21,2024-11-10 15:46:58,28.0,28.0,95.0,94.0,34.2
22,2024-11-10 15:46:58,28.0,28.0,95.0,94.0,34.2
23,2024-11-10 15:46:58,28.0,28.0,95.0,94.0,34.2
24,2024-11-10 15:46:58,28.0,28.0,95.0,94.0,34.2
25,2024-11-10 15:46:59,28.0,28.0,95.0,94.0,34.2
26,2024-11-10 15:46:59,28.0,28.0,95.0,94.0,34.2
27,2024-11-10 15:46:59,28.0,28.0,95.0,94.0,34.2
28,2024-11-10 15:46:59,28.0,28.0,95.0,94.0,34.2
29,2024-11-10 15:46:59,28.0,28.0,95.0,94.0,34.5
30,2024-11-10 15:46:59,28.0,28.0,95.0,94.0,34.5
31,2024-11-10 15:47:03,28.0,28.0,95.0,94.0,34.5
32,2024-11-10 15:47:03,28.0,28.0,95.0,94.0,34.5
33,2024-11-10 15:47:03,28.0,28.0,95.0,94.0,34.5
34,2024-11-10 15:47:03,28.0,28.0,95.0,94.0,34.5
35,2024-11-10 15:47:04,28.0,28.0,95.0,94.0,34.5
36,2024-11-10 15:47:04,28.0,28.0,95.0,94.0,34.5
37,2024-11-10 15:47:04,28.0,28.0,95.0,94.0,34.5
38,2024-11-10 15:47:04,28.0,28.0,95.0,94.0,34.5
39,2024-11-10 15:47:04,28.0,28.0,95.0,94.0,34.5
40,2024-11-10 15:47:04,28.0,28.0,95.0,94.0,34.5
41,2024-11-10 15:47:08,28.0,28.0,95.0,94.0,34.5
42,2024-11-10 15:47:08,28.0,28.0,95.0,94.0,34.5
43,2024-11-10 15:47:08,28.0,28.0,95.0,94.0,34.5
44,2024-11-10 15:47:08,28.0,28.0,95.0,94.0,34.5
45,2024-11-10 15:47:09,28.0,28.0,95.0,94.0,34.5
46,2024-11-10 15:47:09,28.0,28.0,95.0,94.0,34.5
47,2024-11-10 15:47:09,28.0,28.0,95.0,94.0,34.5
48,2024-11-10 15:47:09,28.0,28.0,95.0,94.0,34.5
49,2024-11-10 15:47:09,28.0,28.0,95.0,94.0,34.8
50,2024-11-10 15:47:09,28.0,28.0,95.0,94.0,34.8
51,2024-11-10 15:47:13,28.1,28.0,95.0,94.0,34.8
52,2024-11-10 15:47:13,28.1,28.0,95.0,94.0,34.8
53,2024-11-10 15:47:13,28.1,28.0,95.0,94.0,34.8
54,2024-11-10 15:47:13,28.1,28.0,95.0,94.0,34.8
55,2024-11-10 15:47:14,28.1,28.0,95.0,94.0,34.8
56,2024-11-10 15:47:14,28.1,28.0,95.0,94.0,34.8
57,2024-11-10 15:47:14,28.1,28.0,95.0,94.0,34.8
58,2024-11-10 15:47:14,28.1,28.0,95.0,94.0,34.8
59,2024-11-10 15:47:14,28.1,28.0,95.0,94.0,32.9
60,2024-11-10 15:47:14,28.1,28.0,95.0,94.0,32.9
61,2024-11-10 15:47:18,28.0,28.0,95.0,94.0,32.9
62,2024-11-10 15:47:18,28.0,28.0,95.0,94.0,32.9
63,2024-11-10 15:47:18,28.0,28.0,95.0,94.0,32.9
64,2024-11-10 15:47:18,28.0,28.0,95.0,94.0,32.9
65,2024-11-10 15:47:19,28.0,28.0,95.0,94.0,32.9
66,2024-11-10 15:47:19,28.0,28.0,95.0,94.0,32.9
67,2024-11-10 15:47:19,28.0,28.0,95.0,94.0,32.9
68,2024-11-10 15:47:19,28.0,28.0,95.0,94.0,32.9
69,2024-11-10 15:47:19,28.0,28.0,95.0,94.0,32.9
70,2024-11-10 15:47:19,28.0,28.0,95.0,94.0,32.9
71,2024-11-10 15:47:23,28.1,28.0,95.0,94.0,32.9
72,2024-11-10 15:47:23,28.1,28.0,95.0,94.0,32.9
73,2024-11-10 15:47:23,28.1,28.0,95.0,94.0,32.9
74,2024-11-10 15:47:23,28.1,28.0,95.0,94.0,32.9
75,2024-11-10 15:47:24,28.1,28.1,95.0,94.0,32.9
76,2024-11-10 15:47:24,28.1,28.1,95.0,94.0,32.9
77,2024-11-10 15:47:24,28.1,28.1,95.0,94.0,32.9
78,2024-11-10 15:47:24,28.1,28.1,95.0,94.0,32.9
79,2024-11-10 15:47:24,28.1,28.1,95.0,94.0,34.9
80,2024-11-10 15:47:24,28.1,28.1,95.0,94.0,34.9
81,2024-11-10 15:47:28,28.1,28.1,95.0,94.0,34.9
82,2024-11-10 15:47:28,28.1,28.1,95.0,94.0,34.9
83,2024-11-10 15:47:28,28.1,28.1,95.0,94.0,34.9
84,2024-11-10 15:47:28,28.1,28.1,95.0,94.0,34.9
85,2024-11-10 15:47:29,28.1,28.1,95.0,94.0,34.9
86,2024-11-10 15:47:29,28.1,28.1,95.0,94.0,34.9
87,2024-11-10 15:47:29,28.1,28.1,95.0,94.0,34.9
88,2024-11-10 15:47:29,28.1,28.1,95.0,94.0,34.9
89,2024-11-10 15:47:29,28.1,28.1,95.0,94.0,34.3
90,2024-11-10 15:47:29,28.1,28.1,95.0,94.0,34.3
91,2024-11-10 15:47:33,28.2,28.1,95.0,94.0,34.3
92,2024-11-10 15:47:33,28.2,28.1,95.0,94.0,34.3
93,2024-11-10 15:47:33,28.2,28.1,95.0,94.0,34.3
94,2024-11-10 15:47:33,28.2,28.1,95.0,94.0,34.3
95,2024-11-10 15:47:34,28.2,28.2,95.0,94.0,34.3
96,2024-11-10 15:47:34,28.2,28.2,95.0,94.0,34.3
97,2024-11-10 15:47:34,28.2,28.2,95.0,94.0,34.3
98,2024-11-10 15:47:34,28.2,28.2,95.0,94.0,34.3
99,2024-11-10 15:47:34,28.2,28.2,95.0,94.0,34.2
100,2024-11-10 15:47:34,28.2,28.2,95.0,94.0,34.2
101,2024-11-10 15:47:38,28.5,28.2,95.0,94.0,34.2
102,2024-11-10 15:47:38,28.5,28.2,95.0,94.0,34.2
103,2024-11-10 15:47:38,28.5,28.2,95.0,94.0,34.2
104,2024-11-10 15:47:38,28.5,28.2,95.0,94.0,34.2
105,2024-11-10 15:47:39,28.5,28.5,95.0,94.0,34.2
106,2024-11-10 15:47:39,28.5,28.5,95.0,94.0,34.2
107,2024-11-10 15:47:39,28.5,28.5,95.0,94.0,34.2
108,2024-11-10 15:47:39,28.5,28.5,95.0,94.0,34.2
109,2024-11-10 15:47:39,28.5,28.5,95.0,94.0,33.3
110,2024-11-10 15:47:39,28.5,28.5,95.0,94.0,33.3
111,2024-11-10 15:47:43,28.5,28.5,95.0,94.0,33.3
112,2024-11-10 15:47:43,28.5,28.5,95.0,94.0,33.3
113,2024-11-10 15:47:43,28.5,28.5,95.0,94.0,33.3
114,2024-11-10 15:47:43,28.5,28.5,95.0,94.0,33.3
115,2024-11-10 15:47:44,28.5,28.5,95.0,94.0,33.3
116,2024-11-10 15:47:44,28.5,28.5,95.0,94.0,33.3
117,2024-11-10 15:47:44,28.5,28.5,95.0,94.0,33.3
118,2024-11-10 15:47:44,28.5,28.5,95.0,94.0,33.3
119,2024-11-10 15:47:44,28.5,28.5,95.0,94.0,35.6
120,2024-11-10 15:47:44,28.5,28.5,95.0,94.0,35.6
121,2024-11-10 15:47:48,28.5,28.5,95.0,94.0,35.6
122,2024-11-10 15:47:48,28.5,28.5,95.0,94.0,35.6
123,2024-11-10 15:47:48,28.5,28.5,95.0,94.0,35.6
124,2024-11-10 15:47:48,28.5,28.5,95.0,94.0,35.6
125,2024-11-10 15:47:49,28.5,28.5,95.0,94.0,35.6
126,2024-11-10 15:47:49,28.5,28.5,95.0,94.0,35.6
127,2024-11-10 15:47:49,28.5,28.5,95.0,94.0,35.6
128,2024-11-10 15:47:49,28.5,28.5,95.0,94.0,35.6
129,2024-11-10 15:47:49,28.5,28.5,95.0,94.0,36.4
130,2024-11-10 15:47:49,28.5,28.5,95.0,94.0,36.4
131,2024-11-10 15:47:53,28.5,28.5,95.0,94.0,36.4
132,2024-11-10 15:47:53,28.5,28.5,95.0,94.0,36.4
133,2024-11-10 15:47:54,28.5,28.5,95.0,94.0,36.4
134,2024-11-10 15:47:54,28.5,28.5,95.0,94.0,36.4
135,2024-11-10 15:47:54,28.5,28.5,95.0,94.0,36.4
136,2024-11-10 15:47:54,28.5,28.5,95.0,94.0,36.4
137,2024-11-10 15:47:54,28.5,28.5,95.0,94.0,36.4
138,2024-11-10 15:47:54,28.5,28.5,95.0,94.0,36.4
139,2024-11-10 15:47:55,28.5,28.5,95.0,94.0,36.0
140,2024-11-10 15:47:55,28.5,28.5,95.0,94.0,36.0
141,2024-11-10 15:47:59,28.5,28.5,95.0,94.0,36.0
142,2024-11-10 15:47:59,28.5,28.5,95.0,94.0,36.0
143,2024-11-10 15:47:59,28.5,28.5,95.0,94.0,36.0
144,2024-11-10 15:47:59,28.5,28.5,95.0,94.0,36.0
145,2024-11-10 15:48:00,28.5,28.5,95.0,94.0,36.0
146,2024-11-10 15:48:00,28.5,28.5,95.0,94.0,36.0
147,2024-11-10 15:48:00,28.5,28.5,95.0,94.0,36.0
148,2024-11-10 15:48:00,28.5,28.5,95.0,94.0,36.0
149,2024-11-10 15:48:00,28.5,28.5,95.0,94.0,35.6
150,2024-11-10 15:48:00,28.5,28.5,95.0,94.0,35.6
151,2024-11-10 15:48:04,28.5,28.5,95.0,94.0,35.6
152,2024-11-10 15:48:04,28.5,28.5,95.0,94.0,35.6
153,2024-11-10 15:48:04,28.5,28.5,95.0,94.0,35.6
154,2024-11-10 15:48:04,28.5,28.5,95.0,94.0,35.6
155,2024-11-10 15:48:05,28.5,28.5,95.0,94.0,35.6
156,2024-11-10 15:48:05,28.5,28.5,95.0,94.0,35.6
157,2024-11-10 15:48:05,28.5,28.5,95.0,94.0,35.6
158,2024-11-10 15:48:05,28.5,28.5,95.0,94.0,35.6
159,2024-11-10 15:48:05,28.5,28.5,95.0,94.0,35.7
160,2024-11-10 15:48:05,28.5,28.5,95.0,94.0,35.7
161,2024-11-10 15:48:09,28.5,28.5,95.0,94.0,35.7
162,2024-11-10 15:48:09,28.5,28.5,95.0,94.0,35.7
163,2024-11-10 15:48:09,28.5,28.5,95.0,94.0,35.7
164,2024-11-10 15:48:09,28.5,28.5,95.0,94.0,35.7
165,2024-11-10 15:48:10,28.5,28.5,95.0,94.0,35.7
166,2024-11-10 15:48:10,28.5,28.5,95.0,94.0,35.7
167,2024-11-10 15:48:10,28.5,28.5,95.0,94.0,35.7
168,2024-11-10 15:48:10,28.5,28.5,95.0,94.0,35.7
169,2024-11-10 15:48:10,28.5,28.5,95.0,94.0,34.3
170,2024-11-10 15:48:10,28.5,28.5,95.0,94.0,34.3
171,2024-11-10 15:48:14,28.5,28.5,95.0,94.0,34.3
172,2024-11-10 15:48:14,28.5,28.5,95.0,94.0,34.3
173,2024-11-10 15:48:14,28.5,28.5,95.0,94.0,34.3
174,2024-11-10 15:48:14,28.5,28.5,95.0,94.0,34.3
175,2024-11-10 15:48:15,28.5,28.5,95.0,94.0,34.3
176,2024-11-10 15:48:15,28.5,28.5,95.0,94.0,34.3
177,2024-11-10 15:48:15,28.5,28.5,95.0,94.0,34.3
178,2024-11-10 15:48:15,28.5,28.5,95.0,94.0,34.3
179,2024-11-10 15:48:15,28.5,28.5,95.0,94.0,34.5
180,2024-11-10 15:48:15,28.5,28.5,95.0,94.0,34.5
181,2024-11-10 15:48:19,28.5,28.5,95.0,94.0,34.5
182,2024-11-10 15:48:19,28.5,28.5,95.0,94.0,34.5
183,2024-11-10 15:48:19,28.5,28.5,95.0,94.0,34.5
184,2024-11-10 15:48:19,28.5,28.5,95.0,94.0,34.5
185,2024-11-10 15:48:20,28.5,28.5,95.0,94.0,34.5
186,2024-11-10 15:48:20,28.5,28.5,95.0,94.0,34.5
187,2024-11-10 15:48:20,28.5,28.5,95.0,94.0,34.5
188,2024-11-10 15:48:20,28.5,28.5,95.0,94.0,34.5
189,2024-11-10 15:48:20,28.5,28.5,95.0,94.0,34.4
190,2024-11-10 15:48:20,28.5,28.5,95.0,94.0,34.4
191,2024-11-10 15:48:24,28.5,28.5,95.0,94.0,34.4
192,2024-11-10 15:48:24,28.5,28.5,95.0,94.0,34.4
193,2024-11-10 15:48:24,28.5,28.5,95.0,94.0,34.4
194,2024-11-10 15:48:24,28.5,28.5,95.0,94.0,34.4
195,2024-11-10 15:48:25,28.5,28.5,95.0,94.0,34.4
196,2024-11-10 15:48:25,28.5,28.5,95.0,94.0,34.4
197,2024-11-10 15:48:25,28.5,28.5,95.0,94.0,34.4
198,2024-11-10 15:48:25,28.5,28.5,95.0,94.0,34.4
199,2024-11-10 15:48:25,28.5,28.5,95.0,94.0,35.0
200,2024-11-10 15:48:25,28.5,28.5,95.0,94.0,35.0
201,2024-11-10 15:48:29,28.5,28.5,95.0,94.0,35.0
202,2024-11-10 15:48:29,28.5,28.5,95.0,94.0,35.0
203,2024-11-10 15:48:29,28.5,28.5,95.0,94.0,35.0
204,2024-11-10 15:48:29,28.5,28.5,95.0,94.0,35.0
205,2024-11-10 15:48:30,28.5,28.5,95.0,94.0,35.0
206,2024-11-10 15:48:30,28.5,28.5,95.0,94.0,35.0
207,2024-11-10 15:48:30,28.5,28.5,95.0,94.0,35.0
208,2024-11-10 15:48:30,28.5,28.5,95.0,94.0,35.0
209,2024-11-10 15:48:30,28.5,28.5,95.0,94.0,35.0
210,2024-11-10 15:48:30,28.5,28.5,95.0,94.0,35.0
211,2024-11-10 15:48:34,28.5,28.5,95.0,94.0,35.0
212,2024-11-10 15:48:34,28.5,28.5,95.0,94.0,35.0
213,2024-11-10 15:48:34,28.5,28.5,95.0,94.0,35.0
214,2024-11-10 15:48:34,28.5,28.5,95.0,94.0,35.0
215,2024-11-10 15:48:35,28.5,28.5,95.0,94.0,35.0
216,2024-11-10 15:48:35,28.5,28.5,95.0,94.0,35.0
217,2024-11-10 15:48:35,28.5,28.5,95.0,94.0,35.0
218,2024-11-10 15:48:35,28.5,28.5,95.0,94.0,35.0
219,2024-11-10 15:48:35,28.5,28.5,95.0,94.0,34.6
220,2024-11-10 15:48:35,28.5,28.5,95.0,94.0,34.6
221,2024-11-10 15:48:39,28.5,28.5,95.0,94.0,34.6
222,2024-11-10 15:48:39,28.5,28.5,95.0,94.0,34.6
223,2024-11-10 15:48:39,28.5,28.5,95.0,94.0,34.6
224,2024-11-10 15:48:39,28.5,28.5,95.0,94.0,34.6
225,2024-11-10 15:48:40,28.5,28.5,95.0,94.0,34.6
226,2024-11-10 15:48:40,28.5,28.5,95.0,94.0,34.6
227,2024-11-10 15:48:40,28.5,28.5,95.0,94.0,34.6
228,2024-11-10 15:48:40,28.5,28.5,95.0,94.0,34.6
229,2024-11-10 15:48:40,28.5,28.5,95.0,94.0,35.2
230,2024-11-10 15:48:40,28.5,28.5,95.0,94.0,35.2
231,2024-11-10 15:48:44,28.5,28.5,95.0,94.0,35.2
232,2024-11-10 15:48:44,28.5,28.5,95.0,94.0,35.2
233,2024-11-10 15:48:45,28.5,28.5,95.0,94.0,35.2
234,2024-11-10 15:48:45,28.5,28.5,95.0,94.0,35.2
235,2024-11-10 15:48:45,28.5,28.5,95.0,94.0,35.2
236,2024-11-10 15:48:45,28.5,28.5,95.0,94.0,35.2
237,2024-11-10 15:48:45,28.5,28.5,95.0,94.0,35.2
238,2024-11-10 15:48:45,28.5,28.5,95.0,94.0,35.2
239,2024-11-10 15:48:45,28.5,28.5,95.0,94.0,34.8
240,2024-11-10 15:48:45,28.5,28.5,95.0,94.0,34.8
241,2024-11-10 15:48:50,28.5,28.5,95.0,94.0,34.8
242,2024-11-10 15:48:50,28.5,28.5,95.0,94.0,34.8
243,2024-11-10 15:48:50,28.5,28.5,95.0,94.0,34.8
244,2024-11-10 15:48:50,28.5,28.5,95.0,94.0,34.8
245,2024-11-10 15:48:50,28.5,28.5,95.0,94.0,34.8
246,2024-11-10 15:48:50,28.5,28.5,95.0,94.0,34.8
247,2024-11-10 15:48:50,28.5,28.5,95.0,94.0,34.8
248,2024-11-10 15:48:50,28.5,28.5,95.0,94.0,34.8
249,2024-11-10 15:48:50,28.5,28.5,95.0,94.0,34.5
250,2024-11-10 15:48:50,28.5,28.5,95.0,94.0,34.5
251,2024-11-10 15:48:55,28.5,28.5,95.0,94.0,34.5
252,2024-11-10 15:48:55,28.5,28.5,95.0,94.0,34.5
253,2024-11-10 15:48:55,28.5,28.5,95.0,94.0,34.5
254,2024-11-10 15:48:55,28.5,28.5,95.0,94.0,34.5
255,2024-11-10 15:48:55,28.5,28.5,95.0,94.0,34.5
256,2024-11-10 15:48:55,28.5,28.5,95.0,94.0,34.5
257,2024-11-10 15:48:55,28.5,28.5,95.0,94.0,34.5
258,2024-11-10 15:48:55,28.5,28.5,95.0,94.0,34.5
259,2024-11-10 15:48:55,28.5,28.5,95.0,94.0,34.0
260,2024-11-10 15:48:55,28.5,28.5,95.0,94.0,34.0
261,2024-11-10 15:49:00,28.5,28.5,95.0,94.0,34.0
262,2024-11-10 15:49:00,28.5,28.5,95.0,94.0,34.0
263,2024-11-10 15:49:00,28.5,28.5,95.0,94.0,34.0
264,2024-11-10 15:49:00,28.5,28.5,95.0,94.0,34.0
265,2024-11-10 15:49:00,28.5,28.5,95.0,94.0,34.0
266,2024-11-10 15:49:00,28.5,28.5,95.0,94.0,34.0
267,2024-11-10 15:49:00,28.5,28.5,95.0,94.0,34.0
268,2024-11-10 15:49:00,28.5,28.5,95.0,94.0,34.0
269,2024-11-10 15:49:00,28.5,28.5,95.0,94.0,34.2
270,2024-11-10 15:49:00,28.5,28.5,95.0,94.0,34.2
271,2024-11-10 15:49:05,28.5,28.5,95.0,94.0,34.2
272,2024-11-10 15:49:05,28.5,28.5,95.0,94.0,34.2
273,2024-11-10 15:49:05,28.5,28.5,95.0,94.0,34.2
274,2024-11-10 15:49:05,28.5,28.5,95.0,94.0,34.2
275,2024-11-10 15:49:05,28.5,28.5,95.0,94.0,34.2
276,2024-11-10 15:49:05,28.5,28.5,95.0,94.0,34.2
277,2024-11-10 15:49:05,28.5,28.5,95.0,93.0,34.2
278,2024-11-10 15:49:05,28.5,28.5,95.0,93.0,34.2
279,2024-11-10 15:49:06,28.5,28.5,95.0,93.0,34.5
280,2024-11-10 15:49:06,28.5,28.5,95.0,93.0,34.5
281,2024-11-10 15:49:10,28.5,28.5,95.0,93.0,34.5
282,2024-11-10 15:49:10,28.5,28.5,95.0,93.0,34.5
283,2024-11-10 15:49:10,28.5,28.5,95.0,93.0,34.5
284,2024-11-10 15:49:10,28.5,28.5,95.0,93.0,34.5
285,2024-11-10 15:49:10,28.5,28.5,95.0,93.0,34.5
286,2024-11-10 15:49:10,28.5,28.5,95.0,93.0,34.5
287,2024-11-10 15:49:11,28.5,28.5,95.0,93.0,34.5
288,2024-11-10 15:49:11,28.5,28.5,95.0,93.0,34.5
289,2024-11-10 15:49:11,28.5,28.5,95.0,93.0,34.1
290,2024-11-10 15:49:11,28.5,28.5,95.0,93.0,34.1
291,2024-11-10 15:49:15,28.5,28.5,95.0,93.0,34.1
292,2024-11-10 15:49:15,28.5,28.5,95.0,93.0,34.1
293,2024-11-10 15:49:15,28.5,28.5,95.0,93.0,34.1
294,2024-11-10 15:49:15,28.5,28.5,95.0,93.0,34.1
295,2024-11-10 15:49:16,28.5,28.5,95.0,93.0,34.1
296,2024-11-10 15:49:16,28.5,28.5,95.0,93.0,34.1
297,2024-11-10 15:49:16,28.5,28.5,95.0,93.0,34.1
298,2024-11-10 15:49:16,28.5,28.5,95.0,93.0,34.1
299,2024-11-10 15:49:16,28.5,28.5,95.0,93.0,34.0
300,2024-11-10 15:49:16,28.5,28.5,95.0,93.0,34.0
301,2024-11-10 15:49:20,28.5,28.5,95.0,93.0,34.0
302,2024-11-10 15:49:20,28.5,28.5,95.0,93.0,34.0
303,2024-11-10 15:49:20,28.5,28.5,95.0,93.0,34.0
304,2024-11-10 15:49:20,28.5,28.5,95.0,93.0,34.0
305,2024-11-10 15:49:21,28.5,28.5,95.0,93.0,34.0
306,2024-11-10 15:49:21,28.5,28.5,95.0,93.0,34.0
307,2024-11-10 15:49:21,28.5,28.5,95.0,93.0,34.0
308,2024-11-10 15:49:21,28.5,28.5,95.0,93.0,34.0
309,2024-11-10 15:49:21,28.5,28.5,95.0,93.0,34.5
310,2024-11-10 15:49:21,28.5,28.5,95.0,93.0,34.5
311,2024-11-10 15:49:25,28.5,28.5,95.0,93.0,34.5
312,2024-11-10 15:49:25,28.5,28.5,95.0,93.0,34.5
313,2024-11-10 15:49:25,28.5,28.5,95.0,93.0,34.5
314,2024-11-10 15:49:25,28.5,28.5,95.0,93.0,34.5
315,2024-11-10 15:49:26,28.5,28.5,95.0,93.0,34.5
316,2024-11-10 15:49:26,28.5,28.5,95.0,93.0,34.5
317,2024-11-10 15:49:26,28.5,28.5,95.0,93.0,34.5
318,2024-11-10 15:49:26,28.5,28.5,95.0,93.0,34.5
319,2024-11-10 15:49:26,28.5,28.5,95.0,93.0,33.3
320,2024-11-10 15:49:26,28.5,28.5,95.0,93.0,33.3
321,2024-11-10 15:49:30,28.5,28.5,95.0,93.0,33.3
322,2024-11-10 15:49:30,28.5,28.5,95.0,93.0,33.3
323,2024-11-10 15:49:30,28.5,28.5,95.0,93.0,33.3
324,2024-11-10 15:49:30,28.5,28.5,95.0,93.0,33.3
325,2024-11-10 15:49:31,28.5,28.5,95.0,93.0,33.3
326,2024-11-10 15:49:31,28.5,28.5,95.0,93.0,33.3
327,2024-11-10 15:49:31,28.5,28.5,95.0,93.0,33.3
328,2024-11-10 15:49:31,28.5,28.5,95.0,93.0,33.3
329,2024-11-10 15:49:31,28.5,28.5,95.0,93.0,34.4
330,2024-11-10 15:49:31,28.5,28.5,95.0,93.0,34.4
331,2024-11-10 15:49:35,28.5,28.5,95.0,93.0,34.4
332,2024-11-10 15:49:35,28.5,28.5,95.0,93.0,34.4
333,2024-11-10 15:49:35,28.5,28.5,95.0,93.0,34.4
334,2024-11-10 15:49:35,28.5,28.5,95.0,93.0,34.4
335,2024-11-10 15:49:36,28.5,28.5,95.0,93.0,34.4
336,2024-11-10 15:49:36,28.5,28.5,95.0,93.0,34.4
337,2024-11-10 15:49:36,28.5,28.5,95.0,93.0,34.4
338,2024-11-10 15:49:36,28.5,28.5,95.0,93.0,34.4
339,2024-11-10 15:49:36,28.5,28.5,95.0,93.0,32.8
340,2024-11-10 15:49:36,28.5,28.5,95.0,93.0,32.8
341,2024-11-10 15:49:40,28.5,28.5,95.0,93.0,32.8
342,2024-11-10 15:49:40,28.5,28.5,95.0,93.0,32.8
343,2024-11-10 15:49:40,28.5,28.5,95.0,93.0,32.8
344,2024-11-10 15:49:40,28.5,28.5,95.0,93.0,32.8
345,2024-11-10 15:49:41,28.5,28.5,95.0,93.0,32.8
346,2024-11-10 15:49:41,28.5,28.5,95.0,93.0,32.8
347,2024-11-10 15:49:41,28.5,28.5,95.0,93.0,32.8
348,2024-11-10 15:49:41,28.5,28.5,95.0,93.0,32.8
349,2024-11-10 15:49:41,28.5,28.5,95.0,93.0,32.2
350,2024-11-10 15:49:41,28.5,28.5,95.0,93.0,32.2
351,2024-11-10 15:49:45,26.03,28.5,95.0,93.0,32.2
352,2024-11-10 15:49:45,26.03,28.5,95.0,93.0,32.2
353,2024-11-10 15:49:45,26.03,28.5,48.85,93.0,32.2
354,2024-11-10 15:49:45,26.03,28.5,48.85,93.0,32.2
355,2024-11-10 15:49:46,26.03,28.5,48.85,93.0,32.2
356,2024-11-10 15:49:46,26.03,28.5,48.85,93.0,32.2
357,2024-11-10 15:49:46,26.03,28.5,48.85,95.0,32.2
358,2024-11-10 15:49:46,26.03,28.5,48.85,95.0,32.2
359,2024-11-10 15:49:46,26.03,28.5,48.85,95.0,32.5
360,2024-11-10 15:49:46,26.03,28.5,48.85,95.0,32.5
361,2024-11-10 15:49:51,22.44,28.5,48.85,95.0,32.5
362,2024-11-10 15:49:51,22.44,28.5,48.85,95.0,32.5
363,2024-11-10 15:49:51,22.44,28.5,50.23,95.0,32.5
364,2024-11-10 15:49:51,22.44,28.5,50.23,95.0,32.5
365,2024-11-10 15:49:51,22.44,28.5,50.23,95.0,32.5
366,2024-11-10 15:49:51,22.44,28.5,50.23,95.0,32.5
367,2024-11-10 15:49:51,22.44,28.5,50.23,93.0,32.5
368,2024-11-10 15:49:51,22.44,28.5,50.23,93.0,32.5
369,2024-11-10 15:49:51,22.44,28.5,50.23,93.0,33.1
370,2024-11-10 15:49:51,22.44,28.5,50.23,93.0,33.1
371,2024-11-10 15:49:56,28.77,28.5,50.23,93.0,33.1
372,2024-11-10 15:49:56,28.77,28.5,50.23,93.0,33.1
373,2024-11-10 15:49:56,28.77,28.5,48.32,93.0,33.1
374,2024-11-10 15:49:56,28.77,28.5,48.32,93.0,33.1
375,2024-11-10 15:49:56,28.77,28.5,48.32,93.0,33.1
376,2024-11-10 15:49:56,28.77,28.5,48.32,93.0,33.1
377,2024-11-10 15:49:56,28.77,28.5,48.32,93.0,33.1
378,2024-11-10 15:49:56,28.77,28.5,48.32,93.0,33.1
379,2024-11-10 15:49:56,28.77,28.5,48.32,93.0,32.6
380,2024-11-10 15:49:56,28.77,28.5,48.32,93.0,32.6
381,2024-11-10 15:50:01,22.55,28.5,48.32,93.0,32.6
382,2024-11-10 15:50:01,22.55,28.5,48.32,93.0,32.6
383,2024-11-10 15:50:01,22.55,28.5,49.0,93.0,32.6
384,2024-11-10 15:50:01,22.55,28.5,49.0,93.0,32.6
385,2024-11-10 15:50:01,22.55,28.5,49.0,93.0,32.6
386,2024-11-10 15:50:01,22.55,28.5,49.0,93.0,32.6
387,2024-11-10 15:50:01,22.55,28.5,49.0,93.0,32.6
388,2024-11-10 15:50:01,22.55,28.5,49.0,93.0,32.6
389,2024-11-10 15:50:01,22.55,28.5,49.0,93.0,31.6
390,2024-11-10 15:50:01,22.55,28.5,49.0,93.0,31.6
391,2024-11-10 15:50:06,20.82,28.5,49.0,93.0,31.6
392,2024-11-10 15:50:06,20.82,28.5,49.0,93.0,31.6
393,2024-11-10 15:50:06,20.82,28.5,49.0,93.0,31.6
394,2024-11-10 15:50:06,20.82,28.5,49.0,93.0,31.6
395,2024-11-10 15:50:06,20.82,28.5,49.0,93.0,31.6
396,2024-11-10 15:50:06,20.82,28.5,49.0,93.0,31.6
397,2024-11-10 15:50:06,20.82,28.5,49.0,93.0,33.0
398,2024-11-10 15:50:06,20.82,28.5,49.0,93.0,33.0
399,2024-11-10 15:50:11,26.42,28.5,49.0,93.0,33.0
400,2024-11-10 15:50:11,26.42,28.5,49.0,93.0,33.0
401,2024-11-10 15:50:11,26.42,28.5,48.25,93.0,33.0
402,2024-11-10 15:50:11,26.42,28.5,48.25,93.0,33.0
403,2024-11-10 15:50:16,26.42,28.5,48.25,93.0,33.0
404,2024-11-10 15:50:16,26.42,28.5,48.25,93.0,33.0
405,2024-11-10 15:50:16,26.42,28.5,48.25,93.0,33.0
406,2024-11-10 15:50:16,26.42,28.5,48.25,93.0,33.0
407,2024-11-10 15:50:16,26.42,28.5,48.25,93.0,33.2
408,2024-11-10 15:50:16,26.42,28.5,48.25,93.0,33.2
409,2024-11-10 15:50:17,22.52,28.5,48.25,93.0,33.2
410,2024-11-10 15:50:17,22.52,28.5,48.25,93.0,33.2
411,2024-11-10 15:50:17,22.52,28.5,49.74,93.0,33.2
412,2024-11-10 15:50:17,22.52,28.5,49.74,93.0,33.2
413,2024-11-10 15:50:21,22.52,28.5,49.74,93.0,33.2
414,2024-11-10 15:50:21,22.52,28.5,49.74,93.0,33.2
415,2024-11-10 15:50:21,22.52,28.5,49.74,93.0,33.2
416,2024-11-10 15:50:21,22.52,28.5,49.74,93.0,33.2
417,2024-11-10 15:50:22,22.52,28.5,49.74,93.0,33.0
418,2024-11-10 15:50:22,22.52,28.5,49.74,93.0,33.0
419,2024-11-10 15:50:22,29.65,28.5,49.74,93.0,33.0
420,2024-11-10 15:50:22,29.65,28.5,49.74,93.0,33.0
421,2024-11-10 15:50:22,29.65,28.5,49.86,93.0,33.0
422,2024-11-10 15:50:22,29.65,28.5,49.86,93.0,33.0
423,2024-11-10 15:50:27,29.65,28.4,49.86,93.0,33.0
424,2024-11-10 15:50:27,29.65,28.4,49.86,93.0,33.0
425,2024-11-10 15:50:27,29.65,28.4,49.86,93.0,33.0
426,2024-11-10 15:50:27,29.65,28.4,49.86,93.0,33.0
427,2024-11-10 15:50:27,29.65,28.4,49.86,93.0,34.2
428,2024-11-10 15:50:27,29.65,28.4,49.86,93.0,34.2
429,2024-11-10 15:50:27,23.42,28.4,49.86,93.0,34.2
430,2024-11-10 15:50:27,23.42,28.4,49.86,93.0,34.2
431,2024-11-10 15:50:27,23.42,28.4,50.02,93.0,34.2
432,2024-11-10 15:50:27,23.42,28.4,50.02,93.0,34.2
433,2024-11-10 15:50:32,23.42,28.2,50.02,93.0,34.2
434,2024-11-10 15:50:32,23.42,28.2,50.02,93.0,34.2
435,2024-11-10 15:50:32,23.42,28.2,50.02,93.0,34.2
436,2024-11-10 15:50:32,23.42,28.2,50.02,93.0,34.2
437,2024-11-10 15:50:32,23.42,28.2,50.02,93.0,33.6
438,2024-11-10 15:50:32,23.42,28.2,50.02,93.0,33.6
439,2024-11-10 15:50:32,26.76,28.2,50.02,93.0,33.6
440,2024-11-10 15:50:32,26.76,28.2,50.02,93.0,33.6
441,2024-11-10 15:50:32,26.76,28.2,50.39,93.0,33.6
442,2024-11-10 15:50:32,26.76,28.2,50.39,93.0,33.6
443,2024-11-10 15:50:37,26.76,28.1,50.39,93.0,33.6
444,2024-11-10 15:50:37,26.76,28.1,50.39,93.0,33.6
445,2024-11-10 15:50:37,26.76,28.1,50.39,93.0,33.6
446,2024-11-10 15:50:37,26.76,28.1,50.39,93.0,33.6
447,2024-11-10 15:50:37,26.76,28.1,50.39,93.0,33.3
448,2024-11-10 15:50:37,26.76,28.1,50.39,93.0,33.3
449,2024-11-10 15:50:38,27.78,28.1,50.39,93.0,33.3
450,2024-11-10 15:50:38,27.78,28.1,50.39,93.0,33.3
451,2024-11-10 15:50:38,27.78,28.1,51.41,93.0,33.3
452,2024-11-10 15:50:38,27.78,28.1,51.41,93.0,33.3
453,2024-11-10 15:50:42,27.78,28.1,51.41,93.0,33.3
454,2024-11-10 15:50:42,27.78,28.1,51.41,93.0,33.3
455,2024-11-10 15:50:42,27.78,28.1,51.41,93.0,33.3
456,2024-11-10 15:50:42,27.78,28.1,51.41,93.0,33.3
457,2024-11-10 15:50:42,27.78,28.1,51.41,93.0,33.7
458,2024-11-10 15:50:42,27.78,28.1,51.41,93.0,33.7
459,2024-11-10 15:50:43,24.29,28.1,51.41,93.0,33.7
460,2024-11-10 15:50:43,24.29,28.1,51.41,93.0,33.7
461,2024-11-10 15:50:43,24.29,28.1,49.01,93.0,33.7
462,2024-11-10 15:50:43,24.29,28.1,49.01,93.0,33.7
463,2024-11-10 15:50:47,24.29,28.0,49.01,93.0,33.7
464,2024-11-10 15:50:47,24.29,28.0,49.01,93.0,33.7
465,2024-11-10 15:50:47,24.29,28.0,49.01,93.0,33.7
466,2024-11-10 15:50:47,24.29,28.0,49.01,93.0,33.7
467,2024-11-10 15:50:47,24.29,28.0,49.01,93.0,33.8
468,2024-11-10 15:50:47,24.29,28.0,49.01,93.0,33.8
469,2024-11-10 15:50:48,24.04,28.0,49.01,93.0,33.8
470,2024-11-10 15:50:48,24.04,28.0,49.01,93.0,33.8
471,2024-11-10 15:50:48,24.04,28.0,49.18,93.0,33.8
472,2024-11-10 15:50:48,24.04,28.0,49.18,93.0,33.8
473,2024-11-10 15:50:52,24.04,28.1,49.18,93.0,33.8
474,2024-11-10 15:50:52,24.04,28.1,49.18,93.0,33.8
475,2024-11-10 15:50:52,24.04,28.1,49.18,93.0,33.8
476,2024-11-10 15:50:52,24.04,28.1,49.18,93.0,33.8
477,2024-11-10 15:50:52,24.04,28.1,49.18,93.0,33.3
478,2024-11-10 15:50:52,24.04,28.1,49.18,93.0,33.3
479,2024-11-10 15:50:53,28.4,28.1,49.18,93.0,33.3
480,2024-11-10 15:50:53,28.4,28.1,49.18,93.0,33.3
481,2024-11-10 15:50:53,28.4,28.1,50.76,93.0,33.3
482,2024-11-10 15:50:53,28.4,28.1,50.76,93.0,33.3
483,2024-11-10 15:50:57,28.4,28.0,50.76,93.0,33.3
484,2024-11-10 15:50:57,28.4,28.0,50.76,93.0,33.3
485,2024-11-10 15:50:57,28.4,28.0,50.76,93.0,33.3
486,2024-11-10 15:50:57,28.4,28.0,50.76,93.0,33.3
487,2024-11-10 15:50:57,28.4,28.0,50.76,93.0,34.2
488,2024-11-10 15:50:57,28.4,28.0,50.76,93.0,34.2
489,2024-11-10 15:50:58,29.53,28.0,50.76,93.0,34.2
490,2024-11-10 15:50:58,29.53,28.0,50.76,93.0,34.2
491,2024-11-10 15:50:58,29.53,28.0,48.24,93.0,34.2
492,2024-11-10 15:50:58,29.53,28.0,48.24,93.0,34.2
493,2024-11-10 15:51:02,29.53,28.0,48.24,93.0,34.2
494,2024-11-10 15:51:02,29.53,28.0,48.24,93.0,34.2
495,2024-11-10 15:51:02,29.53,28.0,48.24,93.0,34.2
496,2024-11-10 15:51:02,29.53,28.0,48.24,93.0,34.2
497,2024-11-10 15:51:02,29.53,28.0,48.24,93.0,35.1
498,2024-11-10 15:51:02,29.53,28.0,48.24,93.0,35.1
499,2024-11-10 15:51:04,25.56,28.0,48.24,93.0,35.1
500,2024-11-10 15:51:04,25.56,28.0,48.24,93.0,35.1
501,2024-11-10 15:51:04,25.56,28.0,51.06,93.0,35.1
502,2024-11-10 15:51:04,25.56,28.0,51.06,93.0,35.1
503,2024-11-10 15:51:07,25.56,28.0,51.06,93.0,35.1
504,2024-11-10 15:51:07,25.56,28.0,51.06,93.0,35.1
505,2024-11-10 15:51:07,25.56,28.0,51.06,93.0,35.1
506,2024-11-10 15:51:07,25.56,28.0,51.06,93.0,35.1
507,2024-11-10 15:51:07,25.56,28.0,51.06,93.0,34.9
508,2024-11-10 15:51:07,25.56,28.0,51.06,93.0,34.9
509,2024-11-10 15:51:09,29.91,28.0,51.06,93.0,34.9
510,2024-11-10 15:51:09,29.91,28.0,51.06,93.0,34.9
511,2024-11-10 15:51:09,29.91,28.0,51.52,93.0,34.9
512,2024-11-10 15:51:09,29.91,28.0,51.52,93.0,34.9
513,2024-11-10 15:51:12,29.91,28.0,51.52,93.0,34.9
514,2024-11-10 15:51:12,29.91,28.0,51.52,93.0,34.9
515,2024-11-10 15:51:12,29.91,28.0,51.52,93.0,34.9
516,2024-11-10 15:51:12,29.91,28.0,51.52,93.0,34.9
517,2024-11-10 15:51:12,29.91,28.0,51.52,93.0,34.8
518,2024-11-10 15:51:12,29.91,28.0,51.52,93.0,34.8
519,2024-11-10 15:51:14,21.16,28.0,51.52,93.0,34.8
520,2024-11-10 15:51:14,21.16,28.0,51.52,93.0,34.8
521,2024-11-10 15:51:14,21.16,28.0,51.49,93.0,34.8
522,2024-11-10 15:51:14,21.16,28.0,51.49,93.0,34.8
523,2024-11-10 15:51:17,21.16,28.0,51.49,93.0,34.8
524,2024-11-10 15:51:17,21.16,28.0,51.49,93.0,34.8
525,2024-11-10 15:51:17,21.16,28.0,51.49,93.0,34.8
526,2024-11-10 15:51:17,21.16,28.0,51.49,93.0,34.8
527,2024-11-10 15:51:17,21.16,28.0,51.49,93.0,35.1
528,2024-11-10 15:51:17,21.16,28.0,51.49,93.0,35.1
529,2024-11-10 15:51:19,22.73,28.0,51.49,93.0,35.1
530,2024-11-10 15:51:19,22.73,28.0,51.49,93.0,35.1
531,2024-11-10 15:51:19,22.73,28.0,48.72,93.0,35.1
532,2024-11-10 15:51:19,22.73,28.0,48.72,93.0,35.1
533,2024-11-10 15:51:22,22.73,28.0,48.72,93.0,35.1
534,2024-11-10 15:51:22,22.73,28.0,48.72,93.0,35.1
535,2024-11-10 15:51:22,22.73,28.0,48.72,93.0,35.1
536,2024-11-10 15:51:22,22.73,28.0,48.72,93.0,35.1
537,2024-11-10 15:51:22,22.73,28.0,48.72,93.0,34.5
538,2024-11-10 15:51:22,22.73,28.0,48.72,93.0,34.5
539,2024-11-10 15:51:25,29.71,28.0,48.72,93.0,34.5
540,2024-11-10 15:51:25,29.71,28.0,48.72,93.0,34.5
541,2024-11-10 15:51:25,29.71,28.0,51.76,93.0,34.5
542,2024-11-10 15:51:25,29.71,28.0,51.76,93.0,34.5
543,2024-11-10 15:51:27,29.71,28.0,51.76,93.0,34.5
544,2024-11-10 15:51:27,29.71,28.0,51.76,93.0,34.5
545,2024-11-10 15:51:27,29.71,28.0,51.76,93.0,34.5
546,2024-11-10 15:51:27,29.71,28.0,51.76,93.0,34.5
547,2024-11-10 15:51:27,29.71,28.0,51.76,93.0,34.8
548,2024-11-10 15:51:27,29.71,28.0,51.76,93.0,34.8
549,2024-11-10 15:51:30,23.06,28.0,51.76,93.0,34.8
550,2024-11-10 15:51:30,23.06,28.0,51.76,93.0,34.8
551,2024-11-10 15:51:30,23.06,28.0,51.0,93.0,34.8
552,2024-11-10 15:51:30,23.06,28.0,51.0,93.0,34.8
553,2024-11-10 15:51:32,23.06,28.0,51.0,93.0,34.8
554,2024-11-10 15:51:32,23.06,28.0,51.0,93.0,34.8
555,2024-11-10 15:51:32,23.06,28.0,51.0,93.0,34.8
556,2024-11-10 15:51:32,23.06,28.0,51.0,93.0,34.8
557,2024-11-10 15:51:32,23.06,28.0,51.0,93.0,34.9
558,2024-11-10 15:51:32,23.06,28.0,51.0,93.0,34.9
559,2024-11-10 15:51:35,21.44,28.0,51.0,93.0,34.9
560,2024-11-10 15:51:35,21.44,28.0,51.0,93.0,34.9
561,2024-11-10 15:51:35,21.44,28.0,50.9,93.0,34.9
562,2024-11-10 15:51:35,21.44,28.0,50.9,93.0,34.9
563,2024-11-10 15:51:37,21.44,28.0,50.9,93.0,34.9
564,2024-11-10 15:51:37,21.44,28.0,50.9,93.0,34.9
565,2024-11-10 15:51:38,21.44,28.0,50.9,93.0,34.9
566,2024-11-10 15:51:38,21.44,28.0,50.9,93.0,34.9
567,2024-11-10 15:51:38,21.44,28.0,50.9,93.0,34.8
568,2024-11-10 15:51:38,21.44,28.0,50.9,93.0,34.8
569,2024-11-10 15:51:40,23.22,28.0,50.9,93.0,34.8
570,2024-11-10 15:51:40,23.22,28.0,50.9,93.0,34.8
571,2024-11-10 15:51:40,23.22,28.0,50.35,93.0,34.8
572,2024-11-10 15:51:40,23.22,28.0,50.35,93.0,34.8
573,2024-11-10 15:51:43,23.22,28.0,50.35,93.0,34.8
574,2024-11-10 15:51:43,23.22,28.0,50.35,93.0,34.8
575,2024-11-10 15:51:43,23.22,28.0,50.35,93.0,34.8
576,2024-11-10 15:51:43,23.22,28.0,50.35,93.0,34.8
577,2024-11-10 15:51:43,23.22,28.0,50.35,93.0,34.4
578,2024-11-10 15:51:43,23.22,28.0,50.35,93.0,34.4
579,2024-11-10 15:51:45,28.0,28.0,50.35,93.0,34.4
580,2024-11-10 15:51:45,28.0,28.0,50.35,93.0,34.4
581,2024-11-10 15:51:45,28.0,28.0,93.0,93.0,34.4
582,2024-11-10 15:51:45,28.0,28.0,93.0,93.0,34.4
583,2024-11-10 15:51:48,28.0,28.0,93.0,93.0,34.4
584,2024-11-10 15:51:48,28.0,28.0,93.0,93.0,34.4
585,2024-11-10 15:51:48,28.0,28.0,93.0,94.0,34.4
586,2024-11-10 15:51:48,28.0,28.0,93.0,94.0,34.4
587,2024-11-10 15:51:48,28.0,28.0,93.0,94.0,35.7
588,2024-11-10 15:51:48,28.0,28.0,93.0,94.0,35.7
589,2024-11-10 15:51:50,28.1,28.0,93.0,94.0,35.7
590,2024-11-10 15:51:50,28.1,28.0,93.0,94.0,35.7
591,2024-11-10 15:51:50,28.1,28.0,94.0,94.0,35.7
592,2024-11-10 15:51:50,28.1,28.0,94.0,94.0,35.7
593,2024-11-10 15:51:53,28.1,28.2,94.0,94.0,35.7
594,2024-11-10 15:51:53,28.1,28.2,94.0,94.0,35.7
595,2024-11-10 15:51:53,28.1,28.2,94.0,94.0,35.7
596,2024-11-10 15:51:53,28.1,28.2,94.0,94.0,35.7
597,2024-11-10 15:51:53,28.1,28.2,94.0,94.0,33.6
598,2024-11-10 15:51:53,28.1,28.2,94.0,94.0,33.6
599,2024-11-10 15:51:55,28.5,28.2,94.0,94.0,33.6
600,2024-11-10 15:51:55,28.5,28.2,94.0,94.0,33.6
601,2024-11-10 15:51:56,28.5,28.2,94.0,94.0,33.6
602,2024-11-10 15:51:56,28.5,28.2,94.0,94.0,33.6
603,2024-11-10 15:51:58,28.5,28.5,94.0,94.0,33.6
604,2024-11-10 15:51:58,28.5,28.5,94.0,94.0,33.6
605,2024-11-10 15:51:58,28.5,28.5,94.0,94.0,33.6
606,2024-11-10 15:51:58,28.5,28.5,94.0,94.0,33.6
607,2024-11-10 15:51:58,28.5,28.5,94.0,94.0,33.3
608,2024-11-10 15:51:58,28.5,28.5,94.0,94.0,33.3
609,2024-11-10 15:52:01,28.5,28.5,94.0,94.0,33.3
610,2024-11-10 15:52:01,28.5,28.5,94.0,94.0,33.3
611,2024-11-10 15:52:01,28.5,28.5,94.0,94.0,33.3
612,2024-11-10 15:52:01,28.5,28.5,94.0,94.0,33.3
613,2024-11-10 15:52:03,28.5,28.5,94.0,94.0,33.3
614,2024-11-10 15:52:03,28.5,28.5,94.0,94.0,33.3
615,2024-11-10 15:52:03,28.5,28.5,94.0,94.0,33.3
616,2024-11-10 15:52:03,28.5,28.5,94.0,94.0,33.3
617,2024-11-10 15:52:03,28.5,28.5,94.0,94.0,33.0
618,2024-11-10 15:52:03,28.5,28.5,94.0,94.0,33.0
619,2024-11-10 15:52:06,28.5,28.5,94.0,94.0,33.0
620,2024-11-10 15:52:06,28.5,28.5,94.0,94.0,33.0
621,2024-11-10 15:52:06,28.5,28.5,94.0,94.0,33.0
622,2024-11-10 15:52:06,28.5,28.5,94.0,94.0,33.0
623,2024-11-10 15:52:08,28.5,28.5,94.0,94.0,33.0
624,2024-11-10 15:52:08,28.5,28.5,94.0,94.0,33.0
625,2024-11-10 15:52:08,28.5,28.5,94.0,94.0,33.0
626,2024-11-10 15:52:08,28.5,28.5,94.0,94.0,33.0
627,2024-11-10 15:52:08,28.5,28.5,94.0,94.0,34.4
628,2024-11-10 15:52:08,28.5,28.5,94.0,94.0,34.4
629,2024-11-10 15:52:11,28.5,28.5,94.0,94.0,34.4
630,2024-11-10 15:52:11,28.5,28.5,94.0,94.0,34.4
631,2024-11-10 15:52:11,28.5,28.5,94.0,94.0,34.4
632,2024-11-10 15:52:11,28.5,28.5,94.0,94.0,34.4
633,2024-11-10 15:52:13,28.5,28.5,94.0,94.0,34.4
634,2024-11-10 15:52:13,28.5,28.5,94.0,94.0,34.4
635,2024-11-10 15:52:13,28.5,28.5,94.0,94.0,34.4
636,2024-11-10 15:52:13,28.5,28.5,94.0,94.0,34.4
637,2024-11-10 15:52:13,28.5,28.5,94.0,94.0,34.5
638,2024-11-10 15:52:13,28.5,28.5,94.0,94.0,34.5
639,2024-11-10 15:52:16,28.5,28.5,94.0,94.0,34.5
640,2024-11-10 15:52:16,28.5,28.5,94.0,94.0,34.5
641,2024-11-10 15:52:16,28.5,28.5,94.0,94.0,34.5
642,2024-11-10 15:52:16,28.5,28.5,94.0,94.0,34.5
643,2024-11-10 15:52:18,28.5,28.5,94.0,94.0,34.5
644,2024-11-10 15:52:18,28.5,28.5,94.0,94.0,34.5
645,2024-11-10 15:52:18,28.5,28.5,94.0,94.0,34.5
646,2024-11-10 15:52:18,28.5,28.5,94.0,94.0,34.5
647,2024-11-10 15:52:18,28.5,28.5,94.0,94.0,34.9
648,2024-11-10 15:52:18,28.5,28.5,94.0,94.0,34.9
649,2024-11-10 15:52:21,28.5,28.5,94.0,94.0,34.9
650,2024-11-10 15:52:21,28.5,28.5,94.0,94.0,34.9
651,2024-11-10 15:52:21,28.5,28.5,94.0,94.0,34.9
652,2024-11-10 15:52:21,28.5,28.5,94.0,94.0,34.9
653,2024-11-10 15:52:23,28.5,28.5,94.0,94.0,34.9
654,2024-11-10 15:52:23,28.5,28.5,94.0,94.0,34.9
655,2024-11-10 15:52:23,28.5,28.5,94.0,94.0,34.9
656,2024-11-10 15:52:23,28.5,28.5,94.0,94.0,34.9
657,2024-11-10 15:52:23,28.5,28.5,94.0,94.0,35.1
658,2024-11-10 15:52:23,28.5,28.5,94.0,94.0,35.1
659,2024-11-10 15:52:26,28.5,28.5,94.0,94.0,35.1
660,2024-11-10 15:52:26,28.5,28.5,94.0,94.0,35.1
661,2024-11-10 15:52:26,28.5,28.5,94.0,94.0,35.1
662,2024-11-10 15:52:26,28.5,28.5,94.0,94.0,35.1
663,2024-11-10 15:52:28,28.5,28.5,94.0,94.0,35.1
664,2024-11-10 15:52:28,28.5,28.5,94.0,94.0,35.1
665,2024-11-10 15:52:28,28.5,28.5,94.0,94.0,35.1
666,2024-11-10 15:52:28,28.5,28.5,94.0,94.0,35.1
667,2024-11-10 15:52:28,28.5,28.5,94.0,94.0,35.4
668,2024-11-10 15:52:28,28.5,28.5,94.0,94.0,35.4
669,2024-11-10 15:52:31,28.5,28.5,94.0,94.0,35.4
670,2024-11-10 15:52:31,28.5,28.5,94.0,94.0,35.4
671,2024-11-10 15:52:31,28.5,28.5,94.0,94.0,35.4
672,2024-11-10 15:52:31,28.5,28.5,94.0,94.0,35.4
673,2024-11-10 15:52:33,28.5,28.5,94.0,94.0,35.4
674,2024-11-10 15:52:33,28.5,28.5,94.0,94.0,35.4
675,2024-11-10 15:52:33,28.5,28.5,94.0,94.0,35.4
676,2024-11-10 15:52:33,28.5,28.5,94.0,94.0,35.4
677,2024-11-10 15:52:33,28.5,28.5,94.0,94.0,34.5
678,2024-11-10 15:52:33,28.5,28.5,94.0,94.0,34.5
679,2024-11-10 15:52:36,28.5,28.5,94.0,94.0,34.5
680,2024-11-10 15:52:36,28.5,28.5,94.0,94.0,34.5
681,2024-11-10 15:52:36,28.5,28.5,94.0,94.0,34.5
682,2024-11-10 15:52:36,28.5,28.5,94.0,94.0,34.5
683,2024-11-10 15:52:38,28.5,28.5,94.0,94.0,34.5
684,2024-11-10 15:52:38,28.5,28.5,94.0,94.0,34.5
685,2024-11-10 15:52:38,28.5,28.5,94.0,94.0,34.5
686,2024-11-10 15:52:38,28.5,28.5,94.0,94.0,34.5
687,2024-11-10 15:52:38,28.5,28.5,94.0,94.0,34.8
688,2024-11-10 15:52:38,28.5,28.5,94.0,94.0,34.8
689,2024-11-10 15:52:41,28.5,28.5,94.0,94.0,34.8
690,2024-11-10 15:52:41,28.5,28.5,94.0,94.0,34.8
691,2024-11-10 15:52:41,28.5,28.5,94.0,94.0,34.8
692,2024-11-10 15:52:41,28.5,28.5,94.0,94.0,34.8
693,2024-11-10 15:52:43,28.5,28.5,94.0,94.0,34.8
694,2024-11-10 15:52:43,28.5,28.5,94.0,94.0,34.8
695,2024-11-10 15:52:43,28.5,28.5,94.0,94.0,34.8
696,2024-11-10 15:52:43,28.5,28.5,94.0,94.0,34.8
697,2024-11-10 15:52:43,28.5,28.5,94.0,94.0,35.3
698,2024-11-10 15:52:43,28.5,28.5,94.0,94.0,35.3
699,2024-11-10 15:52:46,28.5,28.5,94.0,94.0,35.3
700,2024-11-10 15:52:46,28.5,28.5,94.0,94.0,35.3
701,2024-11-10 15:52:46,28.5,28.5,94.0,94.0,35.3
702,2024-11-10 15:52:46,28.5,28.5,94.0,94.0,35.3
703,2024-11-10 15:52:48,28.5,28.5,94.0,94.0,35.3
704,2024-11-10 15:52:48,28.5,28.5,94.0,94.0,35.3
705,2024-11-10 15:52:48,28.5,28.5,94.0,94.0,35.3
706,2024-11-10 15:52:48,28.5,28.5,94.0,94.0,35.3
707,2024-11-10 15:52:49,28.5,28.5,94.0,94.0,34.6
708,2024-11-10 15:52:49,28.5,28.5,94.0,94.0,34.6
709,2024-11-10 15:52:51,28.5,28.5,94.0,94.0,34.6
710,2024-11-10 15:52:51,28.5,28.5,94.0,94.0,34.6
711,2024-11-10 15:52:51,28.5,28.5,94.0,94.0,34.6
712,2024-11-10 15:52:51,28.5,28.5,94.0,94.0,34.6
713,2024-11-10 15:52:53,28.5,28.5,94.0,94.0,34.6
714,2024-11-10 15:52:53,28.5,28.5,94.0,94.0,34.6
715,2024-11-10 15:52:54,28.5,28.5,94.0,94.0,34.6
716,2024-11-10 15:52:54,28.5,28.5,94.0,94.0,34.6
717,2024-11-10 15:52:54,28.5,28.5,94.0,94.0,35.1
718,2024-11-10 15:52:54,28.5,28.5,94.0,94.0,35.1
719,2024-11-10 15:52:56,28.5,28.5,94.0,94.0,35.1
720,2024-11-10 15:52:56,28.5,28.5,94.0,94.0,35.1
721,2024-11-10 15:52:56,28.5,28.5,94.0,94.0,35.1
722,2024-11-10 15:52:56,28.5,28.5,94.0,94.0,35.1
723,2024-11-10 15:52:59,28.5,28.5,94.0,94.0,35.1
724,2024-11-10 15:52:59,28.5,28.5,94.0,94.0,35.1
725,2024-11-10 15:52:59,28.5,28.5,94.0,94.0,35.1
726,2024-11-10 15:52:59,28.5,28.5,94.0,94.0,35.1
727,2024-11-10 15:52:59,28.5,28.5,94.0,94.0,34.5
728,2024-11-10 15:52:59,28.5,28.5,94.0,94.0,34.5
729,2024-11-10 15:53:01,28.5,28.5,94.0,94.0,34.5
730,2024-11-10 15:53:01,28.5,28.5,94.0,94.0,34.5
731,2024-11-10 15:53:01,28.5,28.5,94.0,94.0,34.5
732,2024-11-10 15:53:01,28.5,28.5,94.0,94.0,34.5
733,2024-11-10 15:53:04,28.5,28.5,94.0,94.0,34.5
734,2024-11-10 15:53:04,28.5,28.5,94.0,94.0,34.5
735,2024-11-10 15:53:04,28.5,28.5,94.0,94.0,34.5
736,2024-11-10 15:53:04,28.5,28.5,94.0,94.0,34.5
737,2024-11-10 15:53:04,28.5,28.5,94.0,94.0,34.5
738,2024-11-10 15:53:04,28.5,28.5,94.0,94.0,34.5
739,2024-11-10 15:53:06,28.5,28.5,94.0,94.0,34.5
740,2024-11-10 15:53:06,28.5,28.5,94.0,94.0,34.5
741,2024-11-10 15:53:06,28.5,28.5,94.0,94.0,34.5
742,2024-11-10 15:53:06,28.5,28.5,94.0,94.0,34.5
743,2024-11-10 15:53:09,28.5,28.5,94.0,94.0,34.5
744,2024-11-10 15:53:09,28.5,28.5,94.0,94.0,34.5
745,2024-11-10 15:53:09,28.5,28.5,94.0,94.0,34.5
746,2024-11-10 15:53:09,28.5,28.5,94.0,94.0,34.5
747,2024-11-10 15:53:09,28.5,28.5,94.0,94.0,34.4
748,2024-11-10 15:53:09,28.5,28.5,94.0,94.0,34.4
749,2024-11-10 15:53:11,28.5,28.5,94.0,94.0,34.4
750,2024-11-10 15:53:11,28.5,28.5,94.0,94.0,34.4
751,2024-11-10 15:53:11,28.5,28.5,94.0,94.0,34.4
752,2024-11-10 15:53:11,28.5,28.5,94.0,94.0,34.4
753,2024-11-10 15:53:14,28.5,28.5,94.0,94.0,34.4
754,2024-11-10 15:53:14,28.5,28.5,94.0,94.0,34.4
755,2024-11-10 15:53:14,28.5,28.5,94.0,94.0,34.4
756,2024-11-10 15:53:14,28.5,28.5,94.0,94.0,34.4
757,2024-11-10 15:53:14,28.5,28.5,94.0,94.0,34.1
758,2024-11-10 15:53:14,28.5,28.5,94.0,94.0,34.1
759,2024-11-10 15:53:16,28.5,28.5,94.0,94.0,34.1
760,2024-11-10 15:53:16,28.5,28.5,94.0,94.0,34.1
761,2024-11-10 15:53:17,28.5,28.5,94.0,94.0,34.1
762,2024-11-10 15:53:17,28.5,28.5,94.0,94.0,34.1
763,2024-11-10 15:53:19,28.5,28.5,94.0,94.0,34.1
764,2024-11-10 15:53:19,28.5,28.5,94.0,94.0,34.1
765,2024-11-10 15:53:19,28.5,28.5,94.0,94.0,34.1
766,2024-11-10 15:53:19,28.5,28.5,94.0,94.0,34.1
767,2024-11-10 15:53:19,28.5,28.5,94.0,94.0,34.5
768,2024-11-10 15:53:19,28.5,28.5,94.0,94.0,34.5
769,2024-11-10 15:53:22,28.5,28.5,94.0,94.0,34.5
770,2024-11-10 15:53:22,28.5,28.5,94.0,94.0,34.5
771,2024-11-10 15:53:22,28.5,28.5,94.0,94.0,34.5
772,2024-11-10 15:53:22,28.5,28.5,94.0,94.0,34.5
773,2024-11-10 15:53:24,28.5,28.5,94.0,94.0,34.5
774,2024-11-10 15:53:24,28.5,28.5,94.0,94.0,34.5
775,2024-11-10 15:53:24,28.5,28.5,94.0,94.0,34.5
776,2024-11-10 15:53:24,28.5,28.5,94.0,94.0,34.5
777,2024-11-10 15:53:24,28.5,28.5,94.0,94.0,34.2
778,2024-11-10 15:53:24,28.5,28.5,94.0,94.0,34.2
779,2024-11-10 15:53:27,28.5,28.5,94.0,94.0,34.2
780,2024-11-10 15:53:27,28.5,28.5,94.0,94.0,34.2
781,2024-11-10 15:53:27,28.5,28.5,94.0,94.0,34.2
782,2024-11-10 15:53:27,28.5,28.5,94.0,94.0,34.2
783,2024-11-10 15:53:29,28.5,28.5,94.0,94.0,34.2
784,2024-11-10 15:53:29,28.5,28.5,94.0,94.0,34.2
785,2024-11-10 15:53:29,28.5,28.5,94.0,94.0,34.2
786,2024-11-10 15:53:29,28.5,28.5,94.0,94.0,34.2
787,2024-11-10 15:53:29,28.5,28.5,94.0,94.0,34.3
788,2024-11-10 15:53:29,28.5,28.5,94.0,94.0,34.3
789,2024-11-10 15:53:32,28.5,28.5,94.0,94.0,34.3
790,2024-11-10 15:53:32,28.5,28.5,94.0,94.0,34.3
791,2024-11-10 15:53:32,28.5,28.5,94.0,94.0,34.3
792,2024-11-10 15:53:32,28.5,28.5,94.0,94.0,34.3
793,2024-11-10 15:53:34,28.5,28.5,94.0,94.0,34.3
794,2024-11-10 15:53:34,28.5,28.5,94.0,94.0,34.3
795,2024-11-10 15:53:34,28.5,28.5,94.0,94.0,34.3
796,2024-11-10 15:53:34,28.5,28.5,94.0,94.0,34.3
797,2024-11-10 15:53:34,28.5,28.5,94.0,94.0,34.3
798,2024-11-10 15:53:34,28.5,28.5,94.0,94.0,34.3
799,2024-11-10 15:53:37,28.5,28.5,94.0,94.0,34.3
800,2024-11-10 15:53:37,28.5,28.5,94.0,94.0,34.3
801,2024-11-10 15:53:37,28.5,28.5,94.0,94.0,34.3
802,2024-11-10 15:53:37,28.5,28.5,94.0,94.0,34.3
803,2024-11-10 15:53:39,28.5,28.5,94.0,94.0,34.3
804,2024-11-10 15:53:39,28.5,28.5,94.0,94.0,34.3
805,2024-11-10 15:53:39,28.5,28.5,94.0,94.0,34.3
806,2024-11-10 15:53:39,28.5,28.5,94.0,94.0,34.3
807,2024-11-10 15:53:39,28.5,28.5,94.0,94.0,33.9
808,2024-11-10 15:53:39,28.5,28.5,94.0,94.0,33.9
809,2024-11-10 15:53:42,28.5,28.5,94.0,94.0,33.9
810,2024-11-10 15:53:42,28.5,28.5,94.0,94.0,33.9
811,2024-11-10 15:53:42,28.5,28.5,94.0,94.0,33.9
812,2024-11-10 15:53:42,28.5,28.5,94.0,94.0,33.9
813,2024-11-10 15:53:44,28.5,28.5,94.0,94.0,33.9
814,2024-11-10 15:53:44,28.5,28.5,94.0,94.0,33.9
815,2024-11-10 15:53:44,28.5,28.5,94.0,94.0,33.9
816,2024-11-10 15:53:44,28.5,28.5,94.0,94.0,33.9
817,2024-11-10 15:53:44,28.5,28.5,94.0,94.0,34.0
818,2024-11-10 15:53:44,28.5,28.5,94.0,94.0,34.0
819,2024-11-10 15:53:47,27.63,28.5,94.0,94.0,34.0
820,2024-11-10 15:53:47,27.63,28.5,94.0,94.0,34.0
821,2024-11-10 15:53:47,27.63,28.5,48.41,94.0,34.0
822,2024-11-10 15:53:47,27.63,28.5,48.41,94.0,34.0
823,2024-11-10 15:53:49,27.63,28.5,48.41,94.0,34.0
824,2024-11-10 15:53:49,27.63,28.5,48.41,94.0,34.0
825,2024-11-10 15:53:49,27.63,28.5,48.41,94.0,34.0
826,2024-11-10 15:53:49,27.63,28.5,48.41,94.0,34.0
827,2024-11-10 15:53:49,27.63,28.5,48.41,94.0,34.3
828,2024-11-10 15:53:49,27.63,28.5,48.41,94.0,34.3
829,2024-11-10 15:53:52,28.07,28.5,48.41,94.0,34.3
830,2024-11-10 15:53:52,28.07,28.5,48.41,94.0,34.3
831,2024-11-10 15:53:52,28.07,28.5,50.95,94.0,34.3
832,2024-11-10 15:53:52,28.07,28.5,50.95,94.0,34.3
833,2024-11-10 15:53:54,28.07,28.5,50.95,94.0,34.3
834,2024-11-10 15:53:54,28.07,28.5,50.95,94.0,34.3
835,2024-11-10 15:53:54,28.07,28.5,50.95,93.0,34.3
836,2024-11-10 15:53:54,28.07,28.5,50.95,93.0,34.3
837,2024-11-10 15:53:54,28.07,28.5,50.95,93.0,34.2
838,2024-11-10 15:53:54,28.07,28.5,50.95,93.0,34.2
839,2024-11-10 15:53:57,25.01,28.5,50.95,93.0,34.2
840,2024-11-10 15:53:57,25.01,28.5,50.95,93.0,34.2
841,2024-11-10 15:53:57,25.01,28.5,51.35,93.0,34.2
842,2024-11-10 15:53:57,25.01,28.5,51.35,93.0,34.2
843,2024-11-10 15:53:59,25.01,28.5,51.35,93.0,34.2
844,2024-11-10 15:53:59,25.01,28.5,51.35,93.0,34.2
845,2024-11-10 15:53:59,25.01,28.5,51.35,93.0,34.2
846,2024-11-10 15:53:59,25.01,28.5,51.35,93.0,34.2
847,2024-11-10 15:53:59,25.01,28.5,51.35,93.0,34.4
848,2024-11-10 15:53:59,25.01,28.5,51.35,93.0,34.4
849,2024-11-10 15:54:03,26.39,28.5,51.35,93.0,34.4
850,2024-11-10 15:54:03,26.39,28.5,51.35,93.0,34.4
851,2024-11-10 15:54:03,26.39,28.5,48.91,93.0,34.4
852,2024-11-10 15:54:03,26.39,28.5,48.91,93.0,34.4
853,2024-11-10 15:54:04,26.39,28.5,48.91,93.0,34.4
854,2024-11-10 15:54:04,26.39,28.5,48.91,93.0,34.4
855,2024-11-10 15:54:04,26.39,28.5,48.91,93.0,34.4
856,2024-11-10 15:54:04,26.39,28.5,48.91,93.0,34.4
857,2024-11-10 15:54:05,26.39,28.5,48.91,93.0,34.4
858,2024-11-10 15:54:05,26.39,28.5,48.91,93.0,34.4
859,2024-11-10 15:54:08,22.15,28.5,48.91,93.0,34.4
860,2024-11-10 15:54:08,22.15,28.5,48.91,93.0,34.4
861,2024-11-10 15:54:08,22.15,28.5,49.15,93.0,34.4
862,2024-11-10 15:54:08,22.15,28.5,49.15,93.0,34.4
863,2024-11-10 15:54:10,22.15,28.5,49.15,93.0,34.4
864,2024-11-10 15:54:10,22.15,28.5,49.15,93.0,34.4
865,2024-11-10 15:54:10,22.15,28.5,49.15,93.0,34.4
866,2024-11-10 15:54:10,22.15,28.5,49.15,93.0,34.4
867,2024-11-10 15:54:10,22.15,28.5,49.15,93.0,34.3
868,2024-11-10 15:54:10,22.15,28.5,49.15,93.0,34.3
869,2024-11-10 15:54:13,25.0,28.5,49.15,93.0,34.3
870,2024-11-10 15:54:13,25.0,28.5,49.15,93.0,34.3
871,2024-11-10 15:54:13,25.0,28.5,48.6,93.0,34.3
872,2024-11-10 15:54:13,25.0,28.5,48.6,93.0,34.3
873,2024-11-10 15:54:15,25.0,28.5,48.6,93.0,34.3
874,2024-11-10 15:54:15,25.0,28.5,48.6,93.0,34.3
875,2024-11-10 15:54:15,25.0,28.5,48.6,93.0,34.3
876,2024-11-10 15:54:15,25.0,28.5,48.6,93.0,34.3
877,2024-11-10 15:54:15,25.0,28.5,48.6,93.0,34.2
878,2024-11-10 15:54:15,25.0,28.5,48.6,93.0,34.2
879,2024-11-10 15:54:18,26.32,28.5,48.6,93.0,34.2
880,2024-11-10 15:54:18,26.32,28.5,48.6,93.0,34.2
881,2024-11-10 15:54:18,26.32,28.5,49.29,93.0,34.2
882,2024-11-10 15:54:18,26.32,28.5,49.29,93.0,34.2
883,2024-11-10 15:54:20,26.32,28.5,49.29,93.0,34.2
884,2024-11-10 15:54:20,26.32,28.5,49.29,93.0,34.2
885,2024-11-10 15:54:20,26.32,28.5,49.29,93.0,34.2
886,2024-11-10 15:54:20,26.32,28.5,49.29,93.0,34.2
887,2024-11-10 15:54:20,26.32,28.5,49.29,93.0,34.3
888,2024-11-10 15:54:20,26.32,28.5,49.29,93.0,34.3
889,2024-11-10 15:54:23,23.92,28.5,49.29,93.0,34.3
890,2024-11-10 15:54:23,23.92,28.5,49.29,93.0,34.3
891,2024-11-10 15:54:24,23.92,28.5,48.1,93.0,34.3
892,2024-11-10 15:54:24,23.92,28.5,48.1,93.0,34.3
893,2024-11-10 15:54:25,23.92,28.5,48.1,93.0,34.3
894,2024-11-10 15:54:25,23.92,28.5,48.1,93.0,34.3
895,2024-11-10 15:54:25,23.92,28.5,48.1,93.0,34.3
896,2024-11-10 15:54:25,23.92,28.5,48.1,93.0,34.3
897,2024-11-10 15:54:25,23.92,28.5,48.1,93.0,34.2
898,2024-11-10 15:54:25,23.92,28.5,48.1,93.0,34.2
899,2024-11-10 15:54:29,22.58,28.5,48.1,93.0,34.2
900,2024-11-10 15:54:29,22.58,28.5,48.1,93.0,34.2
901,2024-11-10 15:54:29,22.58,28.5,48.0,93.0,34.2
902,2024-11-10 15:54:29,22.58,28.5,48.0,93.0,34.2
903,2024-11-10 15:54:30,22.58,28.5,48.0,93.0,34.2
904,2024-11-10 15:54:30,22.58,28.5,48.0,93.0,34.2
905,2024-11-10 15:54:30,22.58,28.5,48.0,93.0,34.2
906,2024-11-10 15:54:30,22.58,28.5,48.0,93.0,34.2
907,2024-11-10 15:54:30,22.58,28.5,48.0,93.0,33.4
908,2024-11-10 15:54:30,22.58,28.5,48.0,93.0,33.4
909,2024-11-10 15:54:34,25.77,28.5,48.0,93.0,33.4
910,2024-11-10 15:54:34,25.77,28.5,48.0,93.0,33.4
911,2024-11-10 15:54:34,25.77,28.5,48.43,93.0,33.4
912,2024-11-10 15:54:34,25.77,28.5,48.43,93.0,33.4
913,2024-11-10 15:54:35,25.77,28.5,48.43,93.0,33.4
914,2024-11-10 15:54:35,25.77,28.5,48.43,93.0,33.4
915,2024-11-10 15:54:35,25.77,28.5,48.43,93.0,33.4
916,2024-11-10 15:54:35,25.77,28.5,48.43,93.0,33.4
917,2024-11-10 15:54:35,25.77,28.5,48.43,93.0,33.2
918,2024-11-10 15:54:35,25.77,28.5,48.43,93.0,33.2
919,2024-11-10 15:54:39,22.28,28.5,48.43,93.0,33.2
920,2024-11-10 15:54:39,22.28,28.5,48.43,93.0,33.2
921,2024-11-10 15:54:39,22.28,28.5,48.34,93.0,33.2
922,2024-11-10 15:54:39,22.28,28.5,48.34,93.0,33.2
923,2024-11-10 15:54:40,22.28,28.5,48.34,93.0,33.2
924,2024-11-10 15:54:40,22.28,28.5,48.34,93.0,33.2
925,2024-11-10 15:54:40,22.28,28.5,48.34,93.0,33.2
926,2024-11-10 15:54:40,22.28,28.5,48.34,93.0,33.2
927,2024-11-10 15:54:40,22.28,28.5,48.34,93.0,31.8
928,2024-11-10 15:54:40,22.28,28.5,48.34,93.0,31.8
929,2024-11-10 15:54:44,29.26,28.5,48.34,93.0,31.8
930,2024-11-10 15:54:44,29.26,28.5,48.34,93.0,31.8
931,2024-11-10 15:54:44,29.26,28.5,49.18,93.0,31.8
932,2024-11-10 15:54:44,29.26,28.5,49.18,93.0,31.8
933,2024-11-10 15:54:45,29.26,28.5,49.18,93.0,31.8
934,2024-11-10 15:54:45,29.26,28.5,49.18,93.0,31.8
935,2024-11-10 15:54:45,29.26,28.5,49.18,93.0,31.8
936,2024-11-10 15:54:45,29.26,28.5,49.18,93.0,31.8
937,2024-11-10 15:54:45,29.26,28.5,49.18,93.0,32.1
938,2024-11-10 15:54:45,29.26,28.5,49.18,93.0,32.1
939,2024-11-10 15:54:50,24.94,28.5,49.18,93.0,32.1
940,2024-11-10 15:54:50,24.94,28.5,49.18,93.0,32.1
941,2024-11-10 15:54:50,24.94,28.5,51.44,93.0,32.1
942,2024-11-10 15:54:50,24.94,28.5,51.44,93.0,32.1
943,2024-11-10 15:54:50,24.94,28.5,51.44,93.0,32.1
944,2024-11-10 15:54:50,24.94,28.5,51.44,93.0,32.1
945,2024-11-10 15:54:50,24.94,28.5,51.44,93.0,32.1
946,2024-11-10 15:54:50,24.94,28.5,51.44,93.0,32.1
947,2024-11-10 15:54:50,24.94,28.5,51.44,93.0,33.0
948,2024-11-10 15:54:50,24.94,28.5,51.44,93.0,33.0
949,2024-11-10 15:54:55,24.12,28.5,51.44,93.0,33.0
950,2024-11-10 15:54:55,24.12,28.5,51.44,93.0,33.0
951,2024-11-10 15:54:55,24.12,28.5,51.35,93.0,33.0
952,2024-11-10 15:54:55,24.12,28.5,51.35,93.0,33.0
953,2024-11-10 15:54:55,24.12,28.5,51.35,93.0,33.0
954,2024-11-10 15:54:55,24.12,28.5,51.35,93.0,33.0
955,2024-11-10 15:54:55,24.12,28.5,51.35,93.0,33.0
956,2024-11-10 15:54:55,24.12,28.5,51.35,93.0,33.0
957,2024-11-10 15:54:55,24.12,28.5,51.35,93.0,32.1
958,2024-11-10 15:54:55,24.12,28.5,51.35,93.0,32.1
959,2024-11-10 15:55:00,26.32,28.5,51.35,93.0,32.1
960,2024-11-10 15:55:00,26.32,28.5,51.35,93.0,32.1
961,2024-11-10 15:55:00,26.32,28.5,51.22,93.0,32.1
962,2024-11-10 15:55:00,26.32,28.5,51.22,93.0,32.1
963,2024-11-10 15:55:00,26.32,28.5,51.22,93.0,32.1
964,2024-11-10 15:55:00,26.32,28.5,51.22,93.0,32.1
965,2024-11-10 15:55:00,26.32,28.5,51.22,93.0,32.1
966,2024-11-10 15:55:00,26.32,28.5,51.22,93.0,32.1
967,2024-11-10 15:55:00,26.32,28.5,51.22,93.0,33.6
968,2024-11-10 15:55:00,26.32,28.5,51.22,93.0,33.6
969,2024-11-10 15:55:05,26.32,28.5,51.22,93.0,33.6
970,2024-11-10 15:55:05,26.32,28.5,51.22,93.0,33.6
971,2024-11-10 15:55:05,26.32,28.5,51.22,93.0,33.6
972,2024-11-10 15:55:05,26.32,28.5,51.22,93.0,33.6
973,2024-11-10 15:55:05,26.32,28.5,51.22,93.0,33.2
974,2024-11-10 15:55:05,26.32,28.5,51.22,93.0,33.2
975,2024-11-10 15:55:10,26.32,28.5,51.22,93.0,33.2
976,2024-11-10 15:55:10,26.32,28.5,51.22,93.0,33.2
977,2024-11-10 15:55:10,20.11,28.5,51.22,93.0,33.2
978,2024-11-10 15:55:10,20.11,28.5,51.22,93.0,33.2
979,2024-11-10 15:55:11,20.11,28.5,49.51,93.0,33.2
980,2024-11-10 15:55:11,20.11,28.5,49.51,93.0,33.2
981,2024-11-10 15:55:15,20.11,28.5,49.51,93.0,33.2
982,2024-11-10 15:55:15,20.11,28.5,49.51,93.0,33.2
983,2024-11-10 15:55:15,20.11,28.5,49.51,93.0,33.2
984,2024-11-10 15:55:15,20.11,28.5,49.51,93.0,33.2
985,2024-11-10 15:55:16,20.11,28.5,49.51,93.0,33.9
986,2024-11-10 15:55:16,20.11,28.5,49.51,93.0,33.9
987,2024-11-10 15:55:16,25.51,28.5,49.51,93.0,33.9
988,2024-11-10 15:55:16,25.51,28.5,49.51,93.0,33.9
989,2024-11-10 15:55:16,25.51,28.5,50.43,93.0,33.9
990,2024-11-10 15:55:16,25.51,28.5,50.43,93.0,33.9
991,2024-11-10 15:55:20,25.51,28.5,50.43,93.0,33.9
992,2024-11-10 15:55:20,25.51,28.5,50.43,93.0,33.9
993,2024-11-10 15:55:21,25.51,28.5,50.43,93.0,33.9
994,2024-11-10 15:55:21,25.51,28.5,50.43,93.0,33.9
995,2024-11-10 15:55:21,25.51,28.5,50.43,93.0,33.6
996,2024-11-10 15:55:21,25.51,28.5,50.43,93.0,33.6
997,2024-11-10 15:55:21,22.41,28.5,50.43,93.0,33.6
998,2024-11-10 15:55:21,22.41,28.5,50.43,93.0,33.6
999,2024-11-10 15:55:21,22.41,28.5,48.54,93.0,33.6
1000,2024-11-10 15:55:21,22.41,28.5,48.54,93.0,33.6
